{
  "offset": 150285.03333333333,
  "scale": -440.41777777777776,
  "i2c_addr": 39
}